ID,EIN,Label,Address,City,State,Zip,Assets,Income,Revenue27,363432023,CHICAGO COMMUNITY FOUNDATION,225 N MICHIGAN AVE,CHICAGO ,IL,60601-775,1,1,153,136162841,INTERNATIONAL COMMITTEE ON JOURNALISM INC,370 1ST AVE APT 2C,NEW YORK ,NY,10010-494,1,1176,1176102,943386001,SOUND SAFE INC,870 MARKET ST STE 1260,SAN FRANCISCO ,CA,94102-291,1,1,154,946757863,JACK H LUND CHARITABLE TR,1000 LOMBARD ST,SAN FRANCISCO ,CA,94109-151,12297,1,140,450501297,FRIENDS OF THE JEWISH CULTURE FESTIVAL SOCIETY INC,300 E 42ND ST 8TH FLR,NEW YORK ,NY,10017-594,27561,336276,33158128,770414442,CHONG-MOON LEE FOUNDATION,2440 W EL CAMINO REAL STE 300,MOUNTAIN VIEW ,CA,94040-149,28578,585000,585000104,386058308,SPX FOUNDATION,13320 BALLANTYNE CORPORATE PL,CHARLOTTE ,NC,28277-360,36414,1,110,363337340,AON FOUNDATION,PO BOX 81200,CHICAGO ,IL,60681-020,50035,1,192,941656083,SAN FRANCISCO CONSORTIUM,2130 FULTON ST,SAN FRANCISCO ,CA,94117-108,64533,216,216129,770381972,WENDER-WEIS FOUNDATION FOR CHILDREN,555 BRYANT ST STE 300,PALO ALTO ,CA,94301-170,72640,1,155,133852855,JAVNE FUND,420 COLUMBUS AVE STE 304,VALHALLA ,NY,10595-138,74942,750577,75057712,30524939,ARTS FEDERATION INC,125 WASHINGTON ST STE 201,SALEM ,MA,01970-353,94386,204855,20485561,946063948,JULIA KLUMPKE TRUST,695 PACHECO ST,SAN FRANCISCO ,CA,94116-137,174671,25879,1733326,581970134,CENTRAL EUROPE CENTER FOR RESEARCH & DOCUMENTATION INC,1141 LOXFORD TER,SILVER SPRING ,MD,20901-113,178066,997432,99743264,316675733,KANBAR CHARITABLE TR,121 STEUART STREET,SAN FRANCISCO ,CA,94105-123,397123,1700001,170000175,132700517,NATIONAL CONFERENCE ON SOVIET JEWRY,2020 K STREET NW STE 7800,WASHINGTON ,DC,20006-180,407347,981622,9816221,582138525,ALLIANCE OF ARTISTS COMMUNITIES,255 S MAIN ST,PROVIDENCE ,RI,02903-291,487568,849587,83966782,941748316,PATAPHYSICAL BROADCASTING FOUNDATION INC,203 8TH AVE,SANTA CRUZ ,CA,95062-461,549641,1159007,11590075,133813924,AMERICAN FRIENDS OF THE SHANGHAI MUSEUM INC,530 E 86TH ST SUITE 10 B,NEW YORK ,NY,10028-753,555418,121744,121744105,30490864,SWINERTON FOUNDATION,260 TOWNSEND ST 5TH FLR,SAN FRANCISCO ,CA,94107-171,727201,1,1130,770276529,WILSON SONSINI GOODRICH & ROSATI FOUNDATION,650 PAGE MILL RD,PALO ALTO ,CA,94304-100,792172,898977,89897771,943182526,MOLDAW FAMILY SUPPORTING FOUNDATION,121 STEUART STREET,SAN FRANCISCO ,CA,94105-123,890194,1110363,14064280,943284917,NEW ART TRUST,3699 WASHINGTON ST,SAN FRANCISCO ,CA,94118-183,1013510,1,186,571154844,REBOOT INC,245 RUSSELL ST STE 20,HADLEY ,MA,01035-956,1037208,1783145,1783145107,931104762,TARBELL FAMILY FOUNDATION,220 NW 2ND AVE STE 1000,PORTLAND ,OR,97209-394,1101023,1,1128,61663494,VASICEK FOUNDATION,PO BOX 1501,PENNINGTON ,NJ,08534-067,1611335,1,1111,311626194,THE BODRI FOUNDATION,121 STEUART STREET,SAN FRANCISCO ,CA,94105-123,2057993,714168,12892315,10459572,ASSOCIATES OF THE OSHER MAP LIBRARY,PO BOX 9301,PORTLAND ,ME,04104-930,2069047,1314041,101663484,942472322,RADIO BILINGUE INC,5005 E BELMONT AVE,FRESNO ,CA,93727-244,2122159,2398758,239875876,522055624,NATIONAL FILM PRESERVATION FOUNDATION,870 MARKET ST STE 1113,SAN FRANCISCO ,CA,94102-292,2182959,1275764,116071672,943006979,MORRISON & FOERSTER FOUNDATION,425 MARKET ST,SAN FRANCISCO ,CA,94105-240,2379772,3683272,368327285,200755090,REALOGY CHARITABLE FOUNDATION INC,175 PARK AVE,MADISON ,NJ,07940-112,2512829,2701311,230641535,363722029,COVENANT FOUNDATION,1270 AVE OF THE AMERICAS,NEW YORK ,NY,10020-170,2662666,3747286,3747286132,800304869,YERBA BUENA COMMUNITY BENEFIT DISTRICT,5 3RD ST STE 914,SAN FRANCISCO ,CA,94103-321,2699231,2456528,245652870,237749796,MIDDLE EAST FORUM,SUITE 1050,PHILADELPHIA ,PA,19102-000,2741137,4690909,4676303116,943348127,THE LEVINE-LENT FAMILY FOUNDATION,121 STEUART STREET,SAN FRANCISCO ,CA,94105-123,2947102,2336046,105965562,943331010,JUSTGIVE,312 SUTTER ST STE 410,SAN FRANCISCO ,CA,94108-431,3283395,42459207,42358313110,943104872,THE BERNARD OSHER JEWISH PHILANTHROPIES FOUNDATION,121 STEUART STREET,SAN FRANCISCO ,CA,94105-123,3674984,3352922,32668665,363160355,KIRKLAND & ELLIS FOUNDATION,300 N LASALLE DR STE 1018,CHICAGO ,IL,60654-340,4272186,8434639,717826496,941189846,SAN FRANCISCO OPERA GUILD,301 VAN NESS AVE,SAN FRANCISCO ,CA,94102-450,4341228,2128097,212809768,770273721,LOS ALTOS COMMUNITY FOUNDATION,183 HILLVIEW AVE,LOS ALTOS ,CA,94022-374,5737197,8237518,92174666,770557004,KLA-TENCOR FOUNDATION,1 TECHNOLOGY DR,MILPITAS ,CA,95035-791,6194253,1,152,943307253,INSTITUTE FOR JEWISH AND COMMUNITY RESEARCH,3198 FULTON ST,SAN FRANCISCO ,CA,94118-381,7139090,2749875,81290420,510515757,BINGHAM OSBORN & SCARBOROUGH FOUNDATION,5 HAMILTON LNDG STE 200,NOVATO ,CA,94949-826,7214396,1249658,690174109,943399181,TAUBE KORET CAMPUS FOR JEWISH LIFE,121 STEUART STREET,SAN FRANCISCO ,CA,94105-123,7289026,1,13,131566058,AMERICAN CRAFT COUNCIL,1224 MARSHALL ST NE STE 200,MINNEAPOLIS ,MN,55413-108,7343454,5046248,4835964119,943308293,THE PRENTICE AND PAUL@SACK PHOTOGRAPHIC TRUST,111 PINE ST STE 1600,SAN FRANCISCO ,CA,94111-561,7415360,40021,4002150,942686530,HORIZONS FOUNDATION,550 MONTGOMERY STREET SUITE 70,SAN FRANCISCO ,CA,94111-253,7591272,4947771,267819451,943067804,INDEPENDENT CHARITIES OF AMERICA,1100 LARKSPUR LANDING CIRCLE,LARKSPUR ,CA,94939-182,7897786,34066461,340664616,942951480,AMERICAN HIMALAYAN FOUNDATION,909 MONTGOMERY ST,SAN FRANCISCO ,CA,94133-461,8872506,5542229,528992718,204571122,BERNARD AND BARBRO FOUNDATION,121 STEUART STREET,SAN FRANCISCO ,CA,94105-123,9018809,214880,10144836,721563142,DIRK AND CHARLENE KABCENELL FOUNDATION,2440 W EL CAMINO REAL STE 300,MOUNTAIN VIEW ,CA,94040-149,9308193,2704452,265551430,412024986,COMMON SENSE MEDIA,650 TOWNSEND ST STE 435,SAN FRANCISCO ,CA,94103-622,9583277,13763695,1307178339,946107956,FRANK A CAMPINI FOUNDATION,220 SANSOME ST STE 700,SAN FRANCISCO ,CA,94104-272,10069299,1,183,113690722,PEARSON CHARITABLE FOUNDATION,330 HUDSON ST,NEW YORK ,NY,10013-101,11190706,16937672,1685301156,521611546,JEWELS OF CHARITY INC,443 NORTHFIELD AVE,WEST ORANGE ,NJ,07052-309,12401295,3153267,22188122,226028959,UNITED WAY OF BERGEN COUNTY,6 FOREST AVENUE,PARAMUS ,NJ,07652-524,12689082,10761086,1063497749,300098254,HOMEBUILDING COMMUNITY FOUNDATION,5120 WOODWAY DR STE 6000,HOUSTON ,TX,77056-179,12978591,7432069,977292126,941450153,UNITED WAY SILICON VALLEY,1400 PARKMOOR AVE STE 250,SAN JOSE ,CA,95126-373,13209483,14258845,1395988399,943151591,SARLO FOUNDATION,121 STEUART STREET,SAN FRANCISCO ,CA,94105-123,14366599,7138669,680514123,850277138,UNITED WAY OF CENTRAL NEW MEXICO,2340 ALAMO AVE SE FLR 2,ALBUQUERQUE ,NM,87106-382,16328302,26414549,2641454948,426549922,HEARTLAND CHARITABLE TRUST,PO BOX 747,DUBUQUE ,IA,52004-074,16868813,15948711,610333174,943316088,MZ FOUNDATION,1330 BROADWAY STE 903,OAKLAND ,CA,94612-250,17584288,1,116,431353948,AT&T FOUNDATION,208 S AKARD 100,DALLAS ,TX,75202-420,18655778,1,142,521273585,GLOBAL IMPACT,1199 N FAIRFAX ST STE 300,ALEXANDRIA ,VA,22314-144,19809362,100197302,99609283125,941312348,UNITED WAY OF THE BAY AREA,221 MAIN ST STE 300,SAN FRANCISCO ,CA,94105-191,22688895,38423879,3371935134,943045948,CORPORATION OF THE FINE ARTS MUSEUMS,50 HAGIWARA TEA GARDEN DR,SAN FRANCISCO ,CA,94118-450,24281274,47249595,4211366011,943325776,ART SUPPORTING FOUNDATION,601 CALIFORNIA STREET,SAN FRANCISCO ,CA,94108-280,24338041,259134,259134108,943244838,TAUBE FOUNDATION FOR JEWISH LIFE AND CULTURE,121 STEUART STREET,SAN FRANCISCO ,CA,94105-123,25196026,11877296,14736429,201514742,ANDROCLES FOUNDATION INC,534 BROADHOLLOW RD STE 120,MELVILLE ,NY,11747-360,27465398,1,144,541282616,GOOD360,1330 BRADDOCK PL STE 600,ALEXANDRIA ,VA,22314-970,30707391,298677645,298677645112,680386518,THE CSU CHICO RESEARCH FOUNDATION,CALIFORNIA STATE UNIVERSITY CHICO B,CHICO ,CA,95929-024,32584880,39056523,38821690103,954765734,SOUTHERN CALIFORNIA PUBLIC RADIO,474 S RAYMOND AVENUE,PASADENA ,CA,91105-262,36238980,20798773,2079877381,200253310,PASADENA COMMUNITY FOUNDATION,260 S LOS ROBLES AVE STE 119,PASADENA ,CA,91101-286,36868916,17698493,9398261106,943381315,T GARY AND KATHLEEN ROGERS SUPPORTING FAMILY FOUNDATION,200 FRANK H OGAWA PLZ,OAKLAND ,CA,94612-200,40493042,926828,87243241,237404790,GENERAL EMPLOYEES TRUST FUND,2323 EASTLAKE AVE E,SEATTLE ,WA,98102-330,42425116,124987503,907372122,946135772,AMERICAN CONSERVATORY THEATRE FOUNDATION,30 GRANT AVE FL 6,SAN FRANCISCO ,CA,94108-588,44088359,19963486,1822210588,941196211,SAN FRANCISCO ART INSTITUTE,800 CHESTNUT ST,SAN FRANCISCO ,CA,94133-220,44743170,27086037,2568650745,941581707,GRADUATE THEOLOGICAL UNION,2400 RIDGE RD,BERKELEY ,CA,94709-121,44772918,17866922,805850193,942990335,SAN FRANCISCO JAZZ ORGANIZATION,201 FRANKLIN ST,SAN FRANCISCO ,CA,94102-000,46604496,28764369,2425163432,222848738,CORNELL UNIVERSITY FOUNDATION,130 E SENECA ST STE 400,ITHACA ,NY,14850-435,50676357,30822308,95445470,943210509,ALEXANDER M AND JUNE L MAISIN FOUNDATION,121 STEUART STREET,SAN FRANCISCO ,CA,94105-123,52096726,8528811,2051918118,941633387,THE NUEVA SCHOOL,6565 SKYLINE BLVD,HILLSBOROUGH ,CA,94010-622,55900309,20483661,1681010679,680480736,NETWORK FOR GOOD INC,1140 CONNECTICUT AVE NW STE 700,WASHINGTON ,DC,20036-401,56249127,171608968,17160896813,941191246,ASIA FOUNDATION,465 CALIFORNIA ST FL 9,SAN FRANCISCO ,CA,94104-182,61636301,154671812,14852627789,941415298,SAN FRANCISCO BALLET ASSOCIATION,455 FRANKLIN ST 3RD FLR,SAN FRANCISCO ,CA,94102-443,63784244,46013191,4023768360,941156528,JEWISH FAMILY & CHILDRENS SERVICES,2150 POST ST,SAN FRANCISCO ,CA,94115-350,68195545,44974171,31667544124,590830840,UNITED WAY OF MIAMI-DADE INC,3250 SW 3RD AVE,MIAMI ,FL,33129-271,85500974,55854375,4764796490,942747262,SAN FRANCISCO BALLET ENDOWMENT FOUNDATION,455 FRANKLIN ST,SAN FRANCISCO ,CA,94102-443,94699331,13245683,447097767,941241309,KQED INC,2601 MARIPOSA ST,SAN FRANCISCO ,CA,94110-142,101383841,63996680,6189321131,470920831,CONTEMPOARY JEWISH MUSEUM,736 MISSION ST,SAN FRANCISCO ,CA,94103-311,112264652,19133917,1139553291,941156610,SAN FRANCISCO CONSERVATORY OF MUSIC INC,50 OAK ST,SAN FRANCISCO ,CA,94102-601,113080531,39114416,2378476921,136092981,BOARD OF TRUSTEES EQUITY LEAGUE HEALTH TRUST FUND,165 W 46TH ST FL 14,NEW YORK ,NY,10036-250,114089977,163743235,6808393214,941704765,ASIAN ART MUSEUM FOUNDATION OF SAN FRANCISCO,200 LARKIN ST,SAN FRANCISCO ,CA,94102-473,116387106,157116526,5549025223,941156485,CALIFORNIA COLLEGE OF THE ARTS,1111 8TH ST,SAN FRANCISCO ,CA,94107-224,128347593,101575425,8374270358,943227260,JEWISH COMMUNITY CENTER OF SAN FRANCISCO,3200 CALIFORNIA ST,SAN FRANCISCO ,CA,94118-190,129556064,43044662,3406030347,530242992,GREATER WASHINGTON EDUCATIONAL TELECOMMUNICATIONS ASSOCIATION INC,3939 CAMPBELL AVENUE,ARLINGTON ,VA,22206-344,139178817,76353389,75616114121,510198509,TIDES FOUNDATION,PO BOX 29903,SAN FRANCISCO ,CA,94129-090,156657142,159774103,96474947113,941696494,THE EXPLORATORIUM,3601 LYON ST,SAN FRANCISCO ,CA,94123-101,157012815,167259969,56364181115,131624240,THE JEWISH FEDERATIONS OF NORTH AMERICA INC,25 BROADWAY FL 17,NEW YORK ,NY,10004-101,179564660,51434384,4818051787,956042721,SAN DIEGO STATE UNIVERSITY FOUNDATION,5250 CAMPANILE DR,SAN DIEGO ,CA,92182-194,186933922,212251787,18402547133,132607374,CORPORATION FOR PUBLIC BROADCASTING,401 9TH STREET NW,WASHINGTON ,DC,20004-212,202026503,1074930065,47322537695,940836240,SAN FRANCISCO OPERA ASSOCIATION,301 VAN NESS AVE WAR MEMORIAL OPERA,SAN FRANCISCO ,CA,94102-000,211119844,101934208,62947804114,720408921,THE GREATER NEW ORLEANS FOUNDATION,1055 ST CHARLES AVE STE 100,NEW ORLEANS ,LA,70130-398,212855549,53888024,2704215373,42103916,MUSEUM OF SCIENCE,1 SCIENCE PARK,BOSTON ,MA,02114-109,221640179,95216800,6644792025,952962604,CALIFORNIA LUTHERAN UNIVERSITY,60 WEST OLSEN ROAD M/C 1200,THOUSAND OAKS ,CA,91360-270,239666769,158581044,12770337837,946070996,EAST BAY COMMUNITY FOUNDATION,200 FRANK H OGAWA PLZ,OAKLAND ,CA,94612-200,262358564,23737081,2360586894,941156300,SAN FRANCISCO MUSEUM OF MODERN ART,151 3RD ST,SAN FRANCISCO ,CA,94103-310,262858593,107216428,4903455678,530210807,NATIONAL TRUST FOR HISTORIC PRESERVATION IN THE UNITED STATES,2600 VIRGINIA AVE NW STE 1000,WASHINGTON ,DC,20037-192,298677434,1,197,941156284,SAN FRANCISCO SYMPHONY,201 VAN NESS AVE,SAN FRANCISCO ,CA,94102-450,306759580,97699666,8641959729,237098397,COLORADO STATE UNIVERSITY FOUNDATION,410 UNIVERSITY SERVICES CTR,FT COLLINS ,CO,80523-910,325352506,138441520,545196124,341747398,AMERICAN ENDOWMENT FOUNDATION,PO BOX 911,HUDSON ,OH,44236-591,329375167,133686889,13368688969,943007979,MARIN COMMUNITY FOUNDATION,5 HAMILTON LANDING STE 200,NOVATO ,CA,94949-826,333013779,111341426,9759323517,141782466,AYCO CHARITABLE FOUNDATION,25 BRITISH AMERICAN BLVD,LATHAM ,NY,12110-140,346433200,538986614,161373700127,311663020,US CHARITABLE GIFT TRUST,1100 NORTH MARKET STREET 2ND FLOOR,WILMINGTON ,DE,19890-110,432823946,168258134,7841648738,946096509,FINE ARTS MUSEUMS FOUNDATION,50 HAGIWARA TEA GARDEN DR,SAN FRANCISCO ,CA,94118-450,468218866,175540765,215351987,131656634,AMERICAN JEWISH JOINT DISTRIBUTION COMMITTEE INC,711 THIRD AVE,NEW YORK ,NY,10017-401,483793948,376036280,316241721120,916013536,THE SEATTLE FOUNDATION,1200 5TH AVE STE 1300,SEATTLE ,WA,98101-315,585799314,224388217,6668952643,311774905,GOLDMAN SACHS PHILANTHROPY FUND,30 HUDSON ST 15TH FL,JERSEY CITY ,NJ,07302-460,591788105,911924652,27383082159,941156533,JEWISH COMMUNITY FEDERATION OF S F MARIN PENINSULA & SONOMA COUNTIES,121 STEUART STREET,SAN FRANCISCO ,CA,94105-123,675137451,161192035,9955293298,943147856,SANDLER FOUNDATION,121 STEUART STREET,SAN FRANCISCO ,CA,94105-123,683935436,47835830,1441576524,954523231,CALIFORNIA HEALTHCARE FOUNDATION,1438 WEBSTER ST STE 400,OAKLAND ,CA,94612-322,722790343,65557284,2444988922,941156258,CALIFORNIA ACADEMY OF SCIENCE,55 MUSIC CONCOURSE DR,SAN FRANCISCO ,CA,94118-450,830687480,1774849447,6598287646,431152398,GREATER KANSAS CITY COMMUNITY FOUNDATION,1055 BROADWAY ST STE 130,KANSAS CITY ,MO,64105-159,1161708348,321967410,15201247657,237174183,JEWISH COMMUNAL FUND,575 MADISON AVENUE,NEW YORK ,NY,10022-251,1179807027,1948411362,39016908577,530193519,NATIONAL GEOGRAPHIC SOCIETY,1145 17TH ST NW,WASHINGTON ,DC,20036-470,1227203295,604636740,4560802278,530196549,AMERICAN UNIVERSITY,C/O CONTROLLERS OFFICE,WASHINGTON ,DC,20016-000,1419399768,785138465,620191993117,133062214,THE NEW YORK COMMUNITY TRUST,909 THIRD AVE STE 22ND FL,NEW YORK ,NY,10022-473,2147925714,734970466,262682259101,205205488,SILICON VALLEY COMMUNITY FOUNDATION,2440 WEST EL CAMINO REAL,MOUNTAIN VIEW ,CA,94040-149,2193211675,1969923161,997817676100,311640316,SCHWAB CHARITABLE FUND,211 MAIN ST,SAN FRANCISCO ,CA,94105-190,3175884124,1164813914,72247071463,941105628,KAISER FOUNDATION HOSPITALS,2701 NW VAUGHN STREET,PORTLAND ,OR,97210-531,28948439297,24188927784,1798003035519,776032284,BERNARD L MESSINGER FAMILY LIVING TRUST DTD 080582,PO BOX Q,CARMEL ,CA,93921-058,6720,32713,32713131,132740460,WOMEN MAKE MOVIES INC,115 W 29TH ST RM 1200,NEW YORK ,NY,10001-505,717066,1,1